{"train/batch_lr":0.0001,"_wandb":{"runtime":1495},"_runtime":1495.946981,"train/batch_acc":0.5,"_timestamp":1.7574440829452913e+09,"_step":20,"train/batch_loss":0.8477035760879517}