{"_runtime":336.2193147,"_step":10,"train/batch_loss":1.3382313251495361,"train/batch_lr":0.0001,"train/batch_acc":0.5,"_timestamp":1.7574422005726376e+09,"_wandb":{"runtime":336}}