{"_step":50,"_wandb":{"runtime":1229},"_runtime":1229.19015,"train/batch_loss":1.0332690477371216,"train/batch_lr":0.0001,"train/batch_acc":0.5,"_timestamp":1.7574417505488102e+09}