{"_step":0,"_wandb":{"runtime":280},"_runtime":280.961027,"train/batch_loss":0.5489226579666138,"train/batch_lr":0.0001,"train/batch_acc":0.75,"_timestamp":1.7574443910580218e+09}