{"train/batch_loss":0.8477035760879517,"train/batch_lr":0.0001,"train/batch_acc":0.5,"_timestamp":1.7575192360476856e+09,"_step":20,"_wandb":{"runtime":1783},"_runtime":1783.3168062}